Team,Opponent,Season,Round,Player,Aces,Unforced Errors,Forced Errors,1st Serve In,1st Serve Out,Double Faults,Winners,Errors Forced,win?,Team Score,Opponent Score,votes,BOG?,
Pink,Navy,1,1,Emerson Wise,1,7,2,5,11,2,3,,TRUE,5,5,0,FALSE,
Pink,Navy,1,1,Jack Raines,0,6,6,10,10,2,3,,TRUE,5,5,1,FALSE,
Navy,Pink,1,1,Will Burgess,1,5,5,4,16,3,4,,FALSE,5,5,2,TRUE,
Navy,Pink,1,1,Declan Croucher,0,7,3,6,3,1,1,,FALSE,5,5,0,FALSE,
Light Blue,Orange,1,1,Quinn Feikema,0,4,2,5,6,2,1,,FALSE,1,6,1,FALSE,
Light Blue,Orange,1,1,Joel Trudgeon,0,3,1,2,2,2,0,,FALSE,1,6,0,FALSE,
Orange,Light Blue,1,1,Luke Sharrock,1,2,1,4,4,0,8,,TRUE,6,1,2,TRUE,
Orange,Light Blue,1,1,Ted Angel,0,3,0,4,8,3,1,,TRUE,6,1,0,FALSE,
Green,Black,1,1,Will Mumme,0,6,0,8,2,1,1,,FALSE,3,6,0,FALSE,
Green,Black,1,1,Lewis Mossman,0,8,3,7,9,5,2,,FALSE,3,6,1,FALSE,
Black,Green,1,1,Archie Littlejohn,0,7,4,5,6,1,5,,TRUE,6,3,2,TRUE,
Black,Green,1,1,Damon Maurice,0,6,2,9,0,0,2,,TRUE,6,3,0,FALSE,
Red,Yellow,1,1,Charlie Simpson,0,6,2,3,7,1,5,,TRUE,6,1,2,TRUE,
Red,Yellow,1,1,Angus Hume,0,2,4,3,5,0,2,,TRUE,6,1,1,FALSE,
Yellow,Red,1,1,Ed Simpson,1,8,4,4,7,2,0,,FALSE,1,6,0,FALSE,
Yellow,Red,1,1,George Belcher,0,2,1,0,4,1,1,,FALSE,1,6,0,FALSE,
Green,Navy,1,2,Will Mumme,0,4,5,3,8,2,1,,FALSE,1,6,0,FALSE,
Green,Navy,1,2,Lewis Mossman,0,3,5,4,5,1,1,,FALSE,1,6,0,FALSE,
Navy,Green,1,2,Emerson Wise,0,1,2,0,3,0,4,,TRUE,6,1,1,FALSE,
Navy,Green,1,2,Jack Raines,0,7,5,6,9,0,5,,TRUE,6,1,2,TRUE,
White,Black,1,2,Jonathan Kierce,1,5,1,3,13,0,5,,TRUE,6,3,2,TRUE,
White,Black,1,2,Ethan Seamer,0,12,0,6,4,3,8,,TRUE,6,3,1,FALSE,
Black,White,1,2,Archie Littlejohn,0,6,1,9,6,1,0,,FALSE,3,6,0,FALSE,
Black,White,1,2,Damon Maurice,0,6,0,7,6,1,4,,FALSE,3,6,0,FALSE,
Orange,Red,1,2,Luke Sharrock,0,12,1,10,12,0,0,,FALSE,1,6,0,FALSE,
Orange,Red,1,2,Ted Angel,0,3,4,7,5,0,6,,FALSE,1,6,1,FALSE,
Red,Orange,1,2,Angus Hume,0,3,0,4,8,0,2,,TRUE,6,1,0,FALSE,
Red,Orange,1,2,Charlie Simpson,0,5,3,3,7,0,7,,TRUE,6,1,2,TRUE,
Light Blue,Pink,1,2,Quinn Feikema,0,6,2,4,12,3,1,,FALSE,1,6,1,FALSE,
Light Blue,Pink,1,2,James Papa,0,8,6,2,3,2,0,,FALSE,1,6,0,FALSE,
Pink,Light Blue,1,2,Declan Croucher,1,3,4,4,0,0,1,,TRUE,6,1,2,TRUE,
Pink,Light Blue,1,2,Archie Littlejohn (Fill-in),0,4,3,5,5,0,1,,TRUE,6,1,0,FALSE,
White,Navy,1,3,Jonathan Kierce,0,5,6,4,7,1,3,,FALSE,1,6,0,FALSE,
White,Navy,1,3,Ethan Seamer,0,11,2,5,4,0,2,,FALSE,1,6,0,FALSE,
Navy,White,1,3,Emerson Wise,0,5,2,8,4,1,2,,TRUE,6,1,1,FALSE,
Navy,White,1,3,Jack Raines,0,5,5,21,0,0,2,,TRUE,6,1,2,TRUE,
Green,Light Blue,1,3,Will Mumme,0,9,1,7,5,0,4,,TRUE,6,3,0,FALSE,
Green,Light Blue,1,3,Lewis Mossman,0,9,4,9,2,1,6,,TRUE,6,3,2,TRUE,
Light Blue,Green,1,3,Quinn Feikema,0,4,2,11,7,1,1,,FALSE,3,6,1,FALSE,
Light Blue,Green,1,3,Damon Maurice (Fill-in),0,9,5,8,6,0,0,,FALSE,3,6,0,FALSE,
Yellow,Orange,1,3,Ed Simpson,0,4,6,6,6,0,0,,FALSE,1,6,0,FALSE,
Yellow,Orange,1,3,Jimmy Gorton,0,5,4,4,14,1,2,,FALSE,1,6,0,FALSE,
Orange,Yellow,1,3,Luke Sharrock,0,3,2,5,5,0,3,,TRUE,6,1,2,TRUE,
Orange,Yellow,1,3,Ted Angel,0,7,2,11,0,0,4,,TRUE,6,1,1,FALSE,
Pink,Red,1,3,Jonathan Kierce (Fill-in),2,2,0,2,11,1,2,,FALSE,5,5,0,FALSE,
Pink,Red,1,3,Declan Croucher,0,9,1,7,5,0,2,,FALSE,5,5,1,FALSE,
Red,Pink,1,3,Angus Hume,0,6,0,6,3,0,1,,TRUE,5,5,0,FALSE,
Red,Pink,1,3,Archie Littlejohn (Fill-in),0,4,2,0,5,0,10,,TRUE,5,5,2,TRUE,
Orange,Black,1,4,Luke Sharrock,1,4,1,4,6,2,7,,TRUE,6,1,2,TRUE,
Orange,Black,1,4,Ted Angel,0,4,1,9,5,1,1,,TRUE,6,1,0,FALSE,
Black,Orange,1,4,Archie Littlejohn,0,4,6,8,6,0,3,,FALSE,1,6,1,FALSE,
Black,Orange,1,4,Damon Maurice,0,2,5,4,6,2,0,,FALSE,1,6,0,FALSE,
Red,Light Blue,1,4,Charlie Simpson,1,2,5,5,5,0,3,,TRUE,6,2,2,TRUE,
Red,Light Blue,1,4,Angus Hume,0,4,2,5,4,0,2,,TRUE,6,2,0,FALSE,
Light Blue,Red,1,4,Quinn Feikema,0,4,4,7,6,1,1,,FALSE,2,6,1,FALSE,
Light Blue,Red,1,4,James Papa,0,7,1,5,10,2,1,,FALSE,2,6,0,FALSE,
White,Pink,1,4,Jonathan Kierce,0,6,5,4,10,1,8,,TRUE,6,2,2,TRUE,
White,Pink,1,4,Ethan Seamer,0,13,0,7,10,0,4,,TRUE,6,2,1,FALSE,
Pink,White,1,4,Declan Croucher,0,4,4,5,1,0,3,,FALSE,2,6,0,FALSE,
Pink,White,1,4,Shayl Inlander,2,15,2,11,18,3,0,,FALSE,2,6,0,FALSE,
Yellow,Navy,1,4,Jimmy Gorton,0,8,1,3,8,1,4,,TRUE,6,3,2,TRUE,
Yellow,Navy,1,4,Ed Simpson,0,12,1,3,9,0,3,,TRUE,6,3,1,FALSE,
Navy,Yellow,1,4,Emerson Wise,1,3,0,10,10,1,2,,FALSE,3,6,0,FALSE,
Navy,Yellow,1,4,Jack Raines,0,15,3,6,7,2,2,,FALSE,3,6,0,FALSE,
Red,Green,1,5,Charlie Simpson,0,2,0,3,4,0,3,,TRUE,6,0,2,TRUE,
Red,Green,1,5,Angus Hume,0,4,0,3,1,0,1,,TRUE,6,0,1,FALSE,
Green,Red,1,5,Will Mumme,0,4,5,0,4,1,0,,FALSE,0,6,0,FALSE,
Green,Red,1,5,Lewis Mossman,0,3,6,7,6,1,1,,FALSE,0,6,0,FALSE,
Navy,Black,1,5,Jack Raines,0,7,4,4,2,0,1,,TRUE,6,2,0,FALSE,
Navy,Black,1,5,Emerson Wise,0,5,3,11,1,0,13,,TRUE,6,2,2,TRUE,
Black,Navy,1,5,Archie Littlejohn,0,5,1,6,8,1,5,,FALSE,2,6,1,FALSE,
Black,Navy,1,5,Damon Maurice,0,4,4,3,6,0,0,,FALSE,2,6,0,FALSE,
White,Light Blue,1,5,Jonathan Kierce,0,2,0,4,4,0,3,,TRUE,6,0,1,FALSE,
White,Light Blue,1,5,Ethan Seamer,0,1,0,7,3,1,7,,TRUE,6,0,2,TRUE,
Light Blue,White,1,5,Quinn Feikema,0,5,1,7,6,1,1,,FALSE,0,6,0,FALSE,
Light Blue,White,1,5,James Papa,0,5,2,1,3,2,2,,FALSE,0,6,0,FALSE,
Yellow,Pink,1,5,Jimmy Gorton,0,7,1,7,14,4,4,,TRUE,6,1,2,TRUE,
Yellow,Pink,1,5,Ed Simpson,0,7,2,7,7,3,1,,TRUE,6,1,1,FALSE,
Pink,Yellow,1,5,Declan Croucher,0,12,2,16,3,1,0,,FALSE,1,6,0,FALSE,
Pink,Yellow,1,5,Shayl Inlander,0,9,5,6,2,1,3,,FALSE,1,6,0,FALSE,
Black,Pink,1,6,Archie Littlejohn,0,6,6,11,4,1,8,,FALSE,4,6,1,FALSE,
Black,Pink,1,6,Damon Maurice,0,5,3,6,6,0,2,,FALSE,4,6,0,FALSE,
Pink,Black,1,6,Shayl Inlander,1,4,4,6,7,2,5,,TRUE,6,4,2,TRUE,
Pink,Black,1,6,Declan Croucher,0,10,5,19,3,0,6,,TRUE,6,4,0,FALSE,
Navy,Orange,1,6,Emerson Wise,0,6,6,7,15,3,5,,FALSE,4,6,1,FALSE,
Navy,Orange,1,6,Jack Raines,0,6,8,6,3,0,1,,FALSE,4,6,0,FALSE,
Orange,Navy,1,6,Luke Sharrock,0,10,2,4,6,1,5,,TRUE,6,4,2,TRUE,
Orange,Navy,1,6,Ted Angel,0,11,0,4,7,3,5,,TRUE,6,4,0,FALSE,
Light Blue,Yellow,1,6,Joel Trudgeon,0,22,1,8,7,2,1,,FALSE,2,6,0,FALSE,
Light Blue,Yellow,1,6,Quinn Feikema,0,4,1,9,2,1,2,,FALSE,2,6,1,FALSE,
Yellow,Light Blue,1,6,Ed Simpson,0,17,0,9,11,2,2,,TRUE,6,2,0,FALSE,
Yellow,Light Blue,1,6,Jimmy Gorton,0,9,0,11,6,0,2,,TRUE,6,2,2,TRUE,
Green,White,1,6,Lewis Mossman,1,6,2,5,7,0,1,,FALSE,0,6,0,FALSE,
Green,White,1,6,Lachy Godden,0,8,4,7,1,0,2,,FALSE,0,6,0,FALSE,
White,Green,1,6,Jonathan Kierce,1,1,0,6,4,0,2,,TRUE,6,0,2,TRUE,
White,Green,1,6,Ethan Seamer,0,5,0,3,5,1,3,,TRUE,6,0,1,FALSE,
Yellow,Green,1,7,Ed Simpson,0,12,7,5,17,3,4,,FALSE,4,6,0,FALSE,
Yellow,Green,1,7,Quinn Feikema (Fill-in),0,5,2,8,2,0,1,,FALSE,4,6,0,FALSE,
Green,Yellow,1,7,Lewis Mossman,0,4,2,4,8,4,5,,TRUE,6,4,2,TRUE,
Green,Yellow,1,7,Will Mumme,0,6,5,8,14,3,1,,TRUE,6,4,1,FALSE,
Orange,Pink,1,7,Ted Angel,0,11,1,,,1,3,,TRUE,6,3,0,FALSE,
Orange,Pink,1,7,Lachie Jenkin,2,6,0,,,0,6,,TRUE,6,3,2,TRUE,
Pink,Orange,1,7,Declan Croucher,0,8,0,,,1,2,,FALSE,3,6,0,FALSE,
Pink,Orange,1,7,Shayl Inlander,0,9,2,,,3,4,,FALSE,3,6,1,FALSE,
Black,Light Blue,1,7,Damon Maurice,0,1,5,8,3,0,2,,TRUE,6,3,1,FALSE,
Black,Light Blue,1,7,Archie Littlejohn,0,5,3,11,2,0,9,,TRUE,6,3,2,TRUE,
Light Blue,Black,1,7,Joel Trudgeon,0,5,5,12,4,1,2,,FALSE,3,6,0,FALSE,
Light Blue,Black,1,7,Quinn Feikema,0,1,3,3,8,3,3,,FALSE,3,6,0,FALSE,
White,Red,1,7,Jonathan Kierce,1,11,5,4,12,1,5,,TRUE,5,5,0,FALSE,
White,Red,1,7,Ethan Seamer,1,5,4,10,8,3,6,,TRUE,5,5,1,FALSE,
Red,White,1,7,Angus Hume,1,7,6,13,15,2,6,,FALSE,5,5,2,TRUE,
Red,White,1,7,Shayl Inlander (Fill-in),1,6,1,7,10,1,2,,FALSE,5,5,0,FALSE,
White,Yellow,1,8,Jonathan Kierce,0,5,1,6,8,1,2,,TRUE,6,2,2,TRUE,
White,Yellow,1,8,Ethan Seamer,0,4,3,3,6,0,3,,TRUE,6,2,0,FALSE,
Yellow,White,1,8,Jimmy Gorton,1,2,4,5,6,1,1,,FALSE,2,6,1,FALSE,
Yellow,White,1,8,Ed Simpson,0,16,1,10,6,1,2,,FALSE,2,6,0,FALSE,
Red,Black,1,8,Angus Hume,0,18,2,4,9,0,3,,FALSE,5,7,0,FALSE,
Red,Black,1,8,Adam Dickson,1,7,3,12,12,1,12,,FALSE,5,7,2,TRUE,
Black,Red,1,8,Archie Littlejohn,0,7,3,11,11,1,7,,TRUE,7,5,1,FALSE,
Black,Red,1,8,Damon Maurice,0,10,4,11,3,0,4,,TRUE,7,5,0,FALSE,
Red,Navy,1,8,Angus Hume,0,1,2,2,3,0,2,,TRUE,6,1,0,FALSE,
Red,Navy,1,8,Adam Dickson,0,3,3,7,4,0,4,,TRUE,6,1,2,TRUE,
Navy,Red,1,8,Emerson Wise,0,3,3,3,9,4,0,,FALSE,1,6,1,FALSE,
Navy,Red,1,8,Jack Raines,0,5,5,10,0,0,2,,FALSE,1,6,0,FALSE,
Light Blue,Navy,1,9,Quinn Feikema,0,2,1,4,4,1,3,,FALSE,1,6,1,FALSE,
Light Blue,Navy,1,9,Joel Trudgeon,0,3,2,2,4,0,1,,FALSE,1,6,0,FALSE,
Navy,Light Blue,1,9,Emerson Wise,0,2,0,1,8,1,6,,TRUE,6,1,2,TRUE,
Navy,Light Blue,1,9,Jack Raines,1,2,0,4,1,0,0,,TRUE,6,1,0,FALSE,
White,Orange,1,9,Jonathan Kierce,0,11,3,5,7,0,10,,TRUE,7,5,2,TRUE,
White,Orange,1,9,Ethan Seamer,0,3,2,1,13,2,2,,TRUE,7,5,0,FALSE,
Orange,White,1,9,Luke Sharrock,0,4,3,2,9,0,2,,FALSE,5,7,1,FALSE,
Orange,White,1,9,Damon Maurice (Fill-in),0,9,5,3,2,0,8,,FALSE,5,7,0,FALSE,
Black,Yellow,1,9,Archie Littlejohn,0,7,2,4,3,0,2,,TRUE,6,3,2,TRUE,
Black,Yellow,1,9,Damon Maurice,0,10,2,8,3,0,4,,TRUE,6,3,0,FALSE,
Yellow,Black,1,9,Ed Simpson,0,13,4,6,4,0,2,,FALSE,3,6,0,FALSE,
Yellow,Black,1,9,Jimmy Gorton,0,7,5,6,9,3,5,,FALSE,3,6,1,FALSE,
Light Blue,Black,2,1,Emerson Wise,2,20,5,,,,4,0,FALSE,5,5,3,FALSE,
Light Blue,Black,2,1,Angus Hume,1,7,1,,,,5,2,FALSE,5,5,,FALSE,
Black,Light Blue,2,1,Charlie Simpson,0,8,0,,,,11,5,TRUE,5,5,6,TRUE,
Black,Light Blue,2,1,Jim Papa,0,15,2,,,,1,1,TRUE,5,5,3,FALSE,
Navy,Pink,2,1,Archie Littlejohn,0,10,3,,,,6,2,TRUE,6,4,2,FALSE,
Navy,Pink,2,1,Will Mumme,1,7,5,,,,9,1,TRUE,6,4,6,TRUE,
Pink,Navy,2,1,Jonathan Kierce,0,9,0,,,,6,6,FALSE,4,6,4,FALSE,
Pink,Navy,2,1,Damon Maurice,0,11,3,,,,2,3,FALSE,4,6,,FALSE,
Green,Yellow,2,1,Jack Raines,0,6,8,,,,1,4,FALSE,4,6,2,FALSE,
Green,Yellow,2,1,Ted Angel,0,10,6,,,,7,2,FALSE,4,6,4,FALSE,
Yellow,Green,2,1,Luke Sharrock,0,8,3,,,,3,10,TRUE,6,4,6,TRUE,
Yellow,Green,2,1,Max Razums,0,9,2,,,,2,1,TRUE,6,4,,FALSE,
White,Orange,2,1,Quinn Feikema,0,1,4,,,,3,3,TRUE,6,1,6,TRUE,
White,Orange,2,1,Declan Croucher,0,1,0,,,,1,1,TRUE,6,1,4,FALSE,
Orange,White,2,1,Ed Simpson,1,14,4,,,,6,0,FALSE,1,6,2,FALSE,
Orange,White,2,1,Jack Raines (Fill-in),0,7,1,,,,0,0,FALSE,1,6,,FALSE,
Navy,Black,2,2,Will Mumme,1,7,2,,,0,4,1,FALSE,5,5,4,FALSE,
Navy,Black,2,2,Archie Littlejohn,0,8,4,,,0,1,0,FALSE,5,5,,FALSE,
Black,Navy,2,2,Charlie Simpson,0,8,1,,,0,9,4,TRUE,5,5,6,TRUE,
Black,Navy,2,2,Conor Paraskevas,0,15,0,,,2,5,2,TRUE,5,5,2,FALSE,
Green,Pink,2,2,Jack Raines,1,7,2,,,2,4,5,TRUE,6,4,5,TRUE,
Green,Pink,2,2,Ted Angel,0,11,4,,,0,2,5,TRUE,6,4,2,FALSE,
Pink,Green,2,2,Jonathan Kierce,0,9,5,,,2,6,5,FALSE,4,6,5,TRUE,
Pink,Green,2,2,Damon Maurice,0,8,5,,,0,1,1,FALSE,4,6,,FALSE,
Yellow,White,2,2,Luke Sharrock,1,9,4,,,2,7,8,TRUE,6,2,6,TRUE,
Yellow,White,2,2,Max Razums,0,6,6,,,0,1,3,TRUE,6,2,4,FALSE,
White,Yellow,2,2,Quinn Feikema,1,8,4,,,2,4,5,FALSE,3,6,,FALSE,
White,Yellow,2,2,Declan Croucher,0,6,7,,,3,1,5,FALSE,3,6,2,FALSE,
Red,Light Blue,2,2,Ethan Seamer,0,5,0,,,1,4,2,FALSE,2,6,2,FALSE,
Red,Light Blue,2,2,Lewis Mossman,0,9,4,,,1,0,1,FALSE,2,6,,FALSE,
Light Blue,Red,2,2,Angus Hume,0,4,1,,,1,7,3,TRUE,6,2,4,FALSE,
Light Blue,Red,2,2,Emerson Wise,1,1,3,,,0,6,2,TRUE,6,2,6,TRUE,
Pink,Black,2,3,Jonathan Kierce,0,8,3,,,0,5,5,TRUE,5,5,5,TRUE,
Pink,Black,2,3,Damon Maurice,0,8,4,,,0,4,2,TRUE,5,5,2,FALSE,
Black,Pink,2,3,Charlie Simpson,1,10,1,,,1,6,7,FALSE,5,5,5,TRUE,
Black,Pink,2,3,Jim Papa,0,10,5,,,1,3,0,FALSE,5,5,,FALSE,
Yellow,Red,2,3,Luke Sharrock,0,6,4,,,1,5,9,FALSE,5,5,5,TRUE,
Yellow,Red,2,3,Max Razums,0,10,7,,,1,1,1,FALSE,5,5,,FALSE,
Red,Yellow,2,3,Lewis Mossman,1,6,6,,,4,6,6,TRUE,5,5,5,TRUE,
Red,Yellow,2,3,Ethan Seamer,0,15,4,,,1,6,5,TRUE,5,5,2,FALSE,
Orange,Light Blue,2,3,Ed Simpson,0,18,0,,,0,2,5,TRUE,6,4,5,TRUE,
Orange,Light Blue,2,3,Quinn Feikema (Fill-in),0,7,0,,,0,4,3,TRUE,6,4,2,FALSE,
Light Blue,Orange,2,3,Emerson Wise,0,8,1,,,1,4,4,FALSE,4,6,5,TRUE,
Light Blue,Orange,2,3,Angus Hume,0,11,0,,,0,4,1,FALSE,4,6,,FALSE,
Navy,Green,2,3,Archie Littlejohn,0,1,3,,,0,3,2,TRUE,6,0,4,FALSE,
Navy,Green,2,3,Will Mumme,1,1,1,,,1,1,3,TRUE,6,0,6,TRUE,
Green,Navy,2,3,Ted Angel,0,6,3,,,2,1,2,FALSE,0,6,1,FALSE,
Green,Navy,2,3,Jack Raines,0,6,2,,,0,0,1,FALSE,0,6,1,FALSE,
Pink,White,2,4,Jonathan Kierce,0,8,2,,,0,2,8,FALSE,4,6,2,FALSE,
Pink,White,2,4,Damon Maurice,0,6,5,,,0,0,1,FALSE,4,6,,FALSE,
White,Pink,2,4,Quinn Feikema,1,7,4,,,0,2,5,TRUE,6,4,6,TRUE,
White,Pink,2,4,Declan Croucher,0,3,6,,,1,3,3,TRUE,6,4,4,FALSE,
Red,Navy,2,4,Ethan Seamer,0,10,7,,,1,3,1,FALSE,4,6,,FALSE,
Red,Navy,2,4,Lewis Mossman,2,6,1,,,2,5,3,FALSE,4,6,2,FALSE,
Navy,Red,2,4,Will Mumme,0,5,4,,,5,7,4,TRUE,6,4,6,TRUE,
Navy,Red,2,4,Quinn Feikema (Fill-in),0,7,1,,,0,6,5,TRUE,6,4,4,FALSE,
Orange,Yellow,2,4,Ed Simpson,1,9,2,,,1,2,1,FALSE,2,6,1,FALSE,
Orange,Yellow,2,4,Jimmy Gorton,0,5,3,,,2,4,2,FALSE,2,6,4,FALSE,
Yellow,Orange,2,4,Luke Sharrock,0,2,1,,,3,6,5,TRUE,6,2,6,TRUE,
Yellow,Orange,2,4,Max Razums,0,5,2,,,2,3,0,TRUE,6,2,1,FALSE,
Green,Black,2,4,Jack Raines,2,9,2,,,0,2,0,TRUE,5,5,4,FALSE,
Green,Black,2,4,Ted Angel,1,7,1,,,0,6,1,TRUE,5,5,3,FALSE,
Black,Green,2,4,Charlie Simpson,0,7,1,,,0,9,2,FALSE,5,5,5,TRUE,
Black,Green,2,4,Dimitri Liva,0,13,0,,,4,1,1,FALSE,5,5,,FALSE,
Pink,Light Blue,2,5,Jonathan Kierce,0,9,2,,,1,5,2,FALSE,3,6,3,FALSE,
Pink,Light Blue,2,5,Damon Maurice,0,5,2,,,2,0,1,FALSE,3,6,,FALSE,
Light Blue,Pink,2,5,Emerson Wise,1,5,1,,,0,3,1,TRUE,6,3,6,TRUE,
Light Blue,Pink,2,5,Angus Hume,0,8,3,,,0,5,1,TRUE,6,3,3,FALSE,
Navy,Yellow,2,5,Will Mumme,0,7,2,,,2,3,1,FALSE,1,6,1,FALSE,
Navy,Yellow,2,5,Archie Littlejohn,0,1,6,,,0,0,0,FALSE,1,6,1,FALSE,
Yellow,Navy,2,5,Luke Sharrock,0,6,2,,,0,6,4,TRUE,6,1,6,TRUE,
Yellow,Navy,2,5,Max Razums,0,3,1,,,0,2,1,TRUE,6,1,4,FALSE,
White,Green,2,5,Declan Croucher,2,5,3,,,0,3,0,TRUE,6,3,6,TRUE,
White,Green,2,5,Quinn Feikema,1,8,0,,,0,2,3,TRUE,6,3,3,FALSE,
Green,White,2,5,Jack Raines,0,7,3,,,1,2,1,FALSE,3,6,3,FALSE,
Green,White,2,5,Ted Angel,0,11,3,,,1,2,1,FALSE,3,6,,FALSE,
Orange,Red,2,5,Ed Simpson,2,11,4,,,4,3,4,TRUE,5,5,6,TRUE,
Orange,Red,2,5,Jimmy Gorton,0,3,4,,,2,3,0,TRUE,5,5,4,FALSE,
Red,Orange,2,5,Lewis Mossman,0,14,4,,,4,3,6,FALSE,5,5,,FALSE,
Red,Orange,2,5,Ethan Seamer,0,3,0,,,2,3,2,FALSE,5,5,2,FALSE,
Pink,Red,2,6,Jonathan Kierce,0,5,1,,,1,6,4,TRUE,5,5,2,FALSE,
Pink,Red,2,6,Damon Maurice,0,7,2,,,0,3,0,TRUE,5,5,,FALSE,
Red,Pink,2,6,Ethan Seamer,0,9,2,,,1,6,2,FALSE,5,5,5,TRUE,
Red,Pink,2,6,Lewis Mossman,3,7,2,,,2,8,2,FALSE,5,5,5,TRUE,
Yellow,Light Blue,2,6,Luke Sharrock,0,14,1,,,0,3,4,TRUE,6,3,6,TRUE,
Yellow,Light Blue,2,6,Max Razums,0,9,2,,,0,1,1,TRUE,6,3,1,FALSE,
Light Blue,Yellow,2,6,Angus Hume,0,6,3,,,1,3,3,FALSE,3,6,4,FALSE,
Light Blue,Yellow,2,6,Emerson Wise,2,16,2,,,0,0,0,FALSE,3,6,1,FALSE,
White,Navy,2,6,Quinn Feikema,0,7,7,,,3,4,7,FALSE,4,6,3,FALSE,
White,Navy,2,6,Ed Simpson (Fill-in),1,6,2,,,2,1,4,FALSE,4,6,,FALSE,
Navy,White,2,6,Will Mumme,0,5,6,,,3,11,5,TRUE,6,4,6,TRUE,
Navy,White,2,6,Archie Littlejohn,0,6,7,,,0,4,3,TRUE,6,4,3,FALSE,
Orange,Black,2,6,Jimmy Gorton,1,9,1,,,1,6,1,TRUE,6,4,6,TRUE,
Orange,Black,2,6,Ed Simpson,1,15,1,,,1,2,0,TRUE,6,4,2,FALSE,
Black,Orange,2,6,Charlie Simpson,0,12,1,,,0,6,2,FALSE,4,6,4,FALSE,
Black,Orange,2,6,Conor Paraskevas,0,12,0,,,2,1,0,FALSE,4,6,,FALSE,
White,Black,2,7,Quinn Feikema,2,9,2,,,1,4,0,TRUE,6,3,5,TRUE,
White,Black,2,7,Declan Croucher,0,7,2,,,1,1,1,TRUE,6,3,1,FALSE,
Black,White,2,7,Jonathan Kierce (Fill-in),1,10,1,,,0,4,2,FALSE,3,6,5,TRUE,
Black,White,2,7,Conor Paraskevas,0,13,1,,,2,2,1,FALSE,3,6,1,FALSE,
Pink,Orange,2,7,Jonathan Kierce,0,9,4,,,1,6,5,TRUE,6,4,6,TRUE,
Pink,Orange,2,7,Damon Maurice,0,7,2,,,0,0,1,TRUE,6,4,2,FALSE,
Orange,Pink,2,7,Jimmy Gorton,0,5,3,,,0,6,5,FALSE,4,6,4,FALSE,
Orange,Pink,2,7,Ed Simpson,0,15,3,,,3,5,1,FALSE,4,6,,FALSE,
Navy,Light Blue,2,7,Will Mumme,0,5,2,,,0,2,1,TRUE,6,2,1,FALSE,
Navy,Light Blue,2,7,Archie Littlejohn,0,6,2,,,0,5,0,TRUE,6,2,6,TRUE,
Light Blue,Navy,2,7,Emerson Wise,0,9,0,,,1,3,3,FALSE,2,6,3,FALSE,
Light Blue,Navy,2,7,Angus Hume,0,9,1,,,0,4,1,FALSE,2,6,2,FALSE,
Green,Red,2,7,Jack Raines,0,3,3,,,0,2,2,FALSE,0,6,2,FALSE,
Green,Red,2,7,Ted Angel,0,7,2,,,1,0,0,FALSE,0,6,,FALSE,
Red,Green,2,7,Lewis Mossman,0,5,2,,,0,4,2,TRUE,6,0,4,FALSE,
Red,Green,2,7,Ethan Seamer,0,1,0,,,0,4,4,TRUE,6,0,6,TRUE,
Black,Red,2,8,Charlie Simpson,0,3,1,,,0,0,0,FALSE,2,6,2,FALSE,
Black,Red,2,8,Conor Paraskevas,0,10,0,,,1,0,0,FALSE,2,6,,FALSE,
Red,Black,2,8,Lewis Mossman,3,8,0,,,1,6,1,TRUE,6,2,4,FALSE,
Red,Black,2,8,Ethan Seamer,0,8,0,,,1,5,0,TRUE,6,2,6,TRUE,
Orange,Green,2,8,Ed Simpson,0,7,0,,,1,6,1,TRUE,6,2,6,TRUE,
Orange,Green,2,8,Jimmy Gorton,0,9,1,,,0,6,0,TRUE,6,2,4,FALSE,
Green,Orange,2,8,Ted Angel,0,15,1,,,0,0,1,FALSE,2,6,1,FALSE,
Green,Orange,2,8,Will Mumme (Fill-in),0,8,0,,,1,3,0,FALSE,2,6,1,FALSE,
Yellow,Pink,2,8,Luke Sharrock,0,4,4,,,2,8,12,TRUE,6,3,6,TRUE,
Yellow,Pink,2,8,Max Razums,0,6,3,,,0,2,0,TRUE,6,3,1,FALSE,
Pink,Yellow,2,8,Jonathan Kierce,1,4,7,,,2,7,5,FALSE,3,6,4,FALSE,
Pink,Yellow,2,8,Damon Maurice,0,3,5,,,0,1,3,FALSE,3,6,1,FALSE,
White,Light Blue,2,8,Quinn Feikema,0,9,1,,,1,1,5,FALSE,4,6,,FALSE,
White,Light Blue,2,8,Declan Croucher,0,8,3,,,1,2,5,FALSE,4,6,3,FALSE,
Light Blue,White,2,8,Emerson Wise,0,6,5,,,1,0,2,TRUE,6,4,6,TRUE,
Light Blue,White,2,8,Angus Hume,0,5,6,,,1,3,0,TRUE,6,4,3,FALSE,
Orange,Navy,2,9,Jimmy Gorton,0,7,2,,,0,2,0,FALSE,3,6,3,FALSE,
Orange,Navy,2,9,Ed Simpson,0,14,0,,,0,3,1,FALSE,3,6,,FALSE,
Navy,Orange,2,9,Archie Littlejohn,0,4,1,,,1,3,1,TRUE,6,3,6,TRUE,
Navy,Orange,2,9,Will Mumme,0,9,0,,,1,4,1,TRUE,6,3,3,FALSE,
White,Red,2,9,Quinn Feikema,2,3,1,,,2,0,2,FALSE,4,6,3,FALSE,
White,Red,2,9,Declan Croucher,0,14,2,,,0,2,2,FALSE,4,6,,FALSE,
Red,White,2,9,Ethan Seamer,0,10,2,,,2,2,1,TRUE,6,4,6,TRUE,
Red,White,2,9,Lewis Mossman,1,12,2,,,2,7,1,TRUE,6,4,3,FALSE,
Black,Yellow,2,9,Conor Paraskevas,0,28,3,,,1,6,5,FALSE,4,6,4,FALSE,
Black,Yellow,2,9,SINGLES GAME,,,,,,,,,FALSE,4,6,,FALSE,
Yellow,Black,2,9,Max Razums,0,14,5,,,0,4,3,TRUE,6,4,6,TRUE,
Yellow,Black,2,9,SINGLES GAME,,,,,,,,,TRUE,6,4,,FALSE,
Light Blue,Green,2,9,Emerson Wise,0,4,3,,,2,2,1,TRUE,6,2,4,FALSE,
Light Blue,Green,2,9,Angus Hume,1,4,0,,,0,2,4,TRUE,6,2,6,TRUE,
Green,Light Blue,2,9,Jack Raines,0,14,3,,,0,4,0,FALSE,2,6,1,FALSE,
Green,Light Blue,2,9,Ted Angel,1,7,2,,,0,2,3,FALSE,2,6,1,FALSE,
Black,Orange,3,1,Lachlan Jenkin,1,5,3,,,4,7,12,TRUE,6,4,6,TRUE,
Black,Orange,3,1,Jim Papa,0,13,1,,,0,3,2,TRUE,6,4,3,FALSE,
Orange,Black,3,1,Jimmy Gorton,0,4,5,,,1,3,3,FALSE,4,6,3,FALSE,
Orange,Black,3,1,Lewis Mossman,0,6,8,,,1,2,2,FALSE,4,6,0,FALSE,
Red,Green,3,1,Luke Sharrock,0,15,3,,,0,4,3,TRUE,6,3,6,TRUE,
Red,Green,3,1,Max Razums,0,11,4,,,0,4,0,TRUE,6,3,3,FALSE,
Green,Red,3,1,Declan Croucher,0,12,1,,,0,1,1,FALSE,3,6,3,FALSE,
Green,Red,3,1,Quinn Feikema (Fill-in),0,8,2,,,1,2,5,FALSE,3,6,0,FALSE,
White,Yellow,3,1,Jonathan Kierce,0,5,4,,,0,8,6,TRUE,6,2,6,TRUE,
White,Yellow,3,1,Damon Maurice,0,7,2,,,0,0,2,TRUE,6,2,0,FALSE,
Yellow,White,3,1,Emerson Wise,0,2,4,,,0,1,6,FALSE,2,6,4,FALSE,
Yellow,White,3,1,Lachy Godden,0,6,1,,,2,1,7,FALSE,2,6,2,FALSE,
Navy,Pink,3,1,Shayl Inlander,0,7,1,,,0,5,2,TRUE,6,3,6,TRUE,
Navy,Pink,3,1,Ethan Seamer,0,13,4,,,4,9,3,TRUE,6,3,3,FALSE,
Pink,Navy,3,1,Will Burgess,0,9,2,,,2,1,4,FALSE,3,6,3,FALSE,
Pink,Navy,3,1,Jamie Harris,0,8,3,,,1,2,1,FALSE,3,6,0,FALSE,
Light Blue,Yellow,3,2,Quinn Feikema,0,3,1,,,1,3,1,TRUE,6,0,4,FALSE,
Light Blue,Yellow,3,2,Will Mumme,0,0,1,,,0,3,4,TRUE,6,0,6,TRUE,
Yellow,Light Blue,3,2,Emerson Wise,2,7,1,,,2,2,1,FALSE,0,6,1,FALSE,
Yellow,Light Blue,3,2,Lachy Godden,0,6,4,,,1,2,1,FALSE,0,6,1,FALSE,
Orange,Pink,3,2,Jimmy Gorton,1,5,1,,,1,1,2,TRUE,6,0,5,TRUE,
Orange,Pink,3,2,Lewis Mossman,1,1,0,,,1,4,2,TRUE,6,0,5,TRUE,
Pink,Orange,3,2,Will Burgess,0,3,3,,,3,0,1,FALSE,0,6,2,FALSE,
Pink,Orange,3,2,Jamie Harris,0,4,1,,,3,0,0,FALSE,0,6,0,FALSE,
White,Red,3,2,Jonathan Kierce,0,5,3,,,0,5,7,TRUE,6,3,5,TRUE,
White,Red,3,2,Damon Maurice,0,4,6,,,0,0,1,TRUE,6,3,1,FALSE,
Red,White,3,2,Luke Sharrock,0,7,3,,,1,6,9,FALSE,3,6,5,TRUE,
Red,White,3,2,Flynn Braden,0,8,5,,,3,1,0,FALSE,3,6,1,FALSE,
Navy,Green,3,2,Shayl Inlander,0,13,1,,,0,6,4,TRUE,6,4,5,TRUE,
Navy,Green,3,2,Ethan Seamer,0,19,1,,,0,9,6,TRUE,6,4,2,FALSE,
Green,Navy,3,2,Jackson Virgona,0,11,4,,,2,0,3,FALSE,4,6,3,FALSE,
Green,Navy,3,2,Declan Croucher,0,3,6,,,5,4,0,FALSE,4,6,2,FALSE,
Navy,Black,3,3,Shayl Inlander,0,2,1,,,2,2,3,TRUE,6,0,3,FALSE,
Navy,Black,3,3,Ethan Seamer,0,3,2,,,3,4,5,TRUE,6,0,6,TRUE,
Black,Navy,3,3,Jim Papa,0,7,2,,,0,3,1,FALSE,0,6,3,FALSE,
Black,Navy,3,3,Dimitri Liva,0,12,6,,,0,0,2,FALSE,0,6,0,FALSE,
Orange,White,3,3,Jimmy Gorton,1,5,3,,,4,4,4,TRUE,6,3,4,FALSE,
Orange,White,3,3,Lewis Mossman,0,2,3,,,0,7,2,TRUE,6,3,6,TRUE,
White,Orange,3,3,Jonathan Kierce,0,5,4,,,0,5,6,FALSE,3,6,2,FALSE,
White,Orange,3,3,Damon Maurice,0,4,1,,,2,0,0,FALSE,3,6,0,FALSE,
Light Blue,Pink,3,3,Quinn Feikema,2,3,1,,,2,3,4,TRUE,6,0,6,TRUE,
Light Blue,Pink,3,3,Will Mumme,0,4,0,,,1,4,2,TRUE,6,0,4,FALSE,
Pink,Light Blue,3,3,Will Burgess,1,6,4,,,1,2,0,FALSE,0,6,2,FALSE,
Pink,Light Blue,3,3,Jamie Harris,0,7,2,,,1,0,1,FALSE,0,6,0,FALSE,
Red,Yellow,3,3,Luke Sharrock,2,7,8,,,1,5,7,TRUE,5,5,5,TRUE,
Red,Yellow,3,3,Max Razums,0,7,1,,,0,0,2,TRUE,5,5,0,FALSE,
Yellow,Red,3,3,Emerson Wise,1,8,5,,,1,1,5,FALSE,5,5,3,FALSE,
Yellow,Red,3,3,Lachy Godden,0,14,5,,,1,8,4,FALSE,5,5,4,FALSE,
Pink,Green,3,4,Jamie Harris,0,9,2,,,0,2,1,TRUE,6,1,4,FALSE,
Pink,Green,3,4,Jonathan Kierce (Fill-in),0,1,1,,,0,5,8,TRUE,6,1,6,TRUE,
Green,Pink,3,4,Jackson Virgona,0,4,5,,,2,2,2,FALSE,1,6,1,FALSE,
Green,Pink,3,4,Declan Croucher,0,4,4,,,0,2,1,FALSE,1,6,1,FALSE,
Red,Orange,3,4,Max Razums,0,5,2,,,2,0,1,TRUE,6,3,5,TRUE,
Red,Orange,3,4,Jonathan Kierce (Fill-in),0,4,1,,,0,6,7,TRUE,6,3,5,TRUE,
Orange,Red,3,4,Lewis Mossman,0,4,3,,,2,1,2,FALSE,3,6,1,FALSE,
Orange,Red,3,4,Jimmy Gorton,0,6,5,,,1,9,1,FALSE,3,6,1,FALSE,
White,Black,3,4,Jonathan Kierce,0,0,0,,,0,3,1,TRUE,6,1,5,TRUE,
White,Black,3,4,Archie Littlejohn,0,3,3,,,1,2,0,TRUE,6,1,5,TRUE,
Black,White,3,4,Lachlan Jenkin,0,3,0,,,2,1,1,FALSE,1,6,2,FALSE,
Black,White,3,4,Flynn Braden,0,10,1,,,1,3,0,FALSE,1,6,0,FALSE,
Navy,Light Blue,3,4,Shayl Inlander,0,5,2,,,1,5,4,TRUE,6,1,6,TRUE,
Navy,Light Blue,3,4,Ethan Seamer,0,5,2,,,0,7,0,TRUE,6,1,4,FALSE,
Light Blue,Navy,3,4,Quinn Feikema,0,8,3,,,1,0,2,FALSE,1,6,0,FALSE,
Light Blue,Navy,3,4,Will Mumme,0,4,0,,,2,1,2,FALSE,1,6,2,FALSE,
White,Green,3,5,Jonathan Kierce,1,3,1,,,0,5,8,TRUE,6,2,6,TRUE,
White,Green,3,5,Max Razums (Fill-in),0,6,1,,,0,1,0,TRUE,6,2,4,FALSE,
Green,White,3,5,Jackson Virgona,0,8,3,,,3,1,1,FALSE,2,6,0,FALSE,
Green,White,3,5,Declan Croucher,0,2,4,,,0,1,0,FALSE,2,6,2,FALSE,
Red,Light Blue,3,5,Luke Sharrock,0,4,1,,,1,1,7,TRUE,6,3,6,TRUE,
Red,Light Blue,3,5,Max Razums,0,5,5,,,2,1,1,TRUE,6,3,4,FALSE,
Light Blue,Red,3,5,Quinn Feikema,0,7,4,,,5,4,2,FALSE,3,6,2,FALSE,
Light Blue,Red,3,5,Ethan Seamer (Fill-in),0,7,4,,,1,3,4,FALSE,3,6,0,FALSE,
Black,Yellow,3,5,Lachlan Jenkin,0,7,2,,,2,5,8,TRUE,6,2,6,TRUE,
Black,Yellow,3,5,Jim Papa,1,8,1,,,0,2,2,TRUE,6,2,2,FALSE,
Yellow,Black,3,5,Emerson Wise,1,4,1,,,0,2,3,FALSE,2,6,4,FALSE,
Yellow,Black,3,5,Lachy Godden,0,11,9,,,1,1,0,FALSE,2,6,0,FALSE,
Orange,Navy,3,5,Jimmy Gorton,1,6,3,,,1,4,4,TRUE,6,3,4,FALSE,
Orange,Navy,3,5,Lewis Mossman,1,7,1,,,1,6,3,TRUE,6,3,6,TRUE,
Navy,Orange,3,5,Shayl Inlander,0,5,7,,,1,5,2,FALSE,3,6,2,FALSE,
Navy,Orange,3,5,Ethan Seamer,0,7,1,,,0,3,1,FALSE,3,6,0,FALSE,
Pink,Yellow,3,6,Shayl Inlander (Fill-in),1,6,2,,,0,1,2,FALSE,1,6,2,FALSE,
Pink,Yellow,3,6,Jamie Harris,0,13,3,,,0,2,3,FALSE,1,6,1,FALSE,
Yellow,Pink,3,6,Emerson Wise,1,5,2,,,0,3,4,TRUE,6,1,6,TRUE,
Yellow,Pink,3,6,Lachy Godden,0,5,3,,,1,2,1,TRUE,6,1,3,FALSE,
Light Blue,Green,3,6,Quinn Feikema,0,6,3,,,1,3,4,TRUE,6,1,2,FALSE,
Light Blue,Green,3,6,Will Mumme,0,8,2,,,0,4,4,TRUE,1,1,5,TRUE,
Green,Light Blue,3,6,Jackson Virgona,0,10,4,,,0,1,2,FALSE,1,6,0,FALSE,
Green,Light Blue,3,6,Declan Croucher,0,6,4,,,1,2,4,FALSE,1,1,5,TRUE,
White,Navy,3,6,Jonathan Kierce,0,9,3,,,0,6,6,TRUE,6,3,4,TRUE,
White,Navy,3,6,Damon Maurice,0,3,1,,,0,0,0,TRUE,6,3,0,FALSE,
Navy,White,3,6,Shayl Inlander,0,4,3,,,3,4,1,FALSE,3,6,4,TRUE,
Navy,White,3,6,Ethan Seamer,0,15,3,,,0,6,3,FALSE,3,6,4,TRUE,
Red,Black,3,6,Luke Sharrock,0,1,3,,,1,2,3,TRUE,6,2,6,TRUE,
Red,Black,3,6,Max Razums,0,6,2,,,1,2,2,TRUE,6,2,3,FALSE,
Black,Red,3,6,Lachlan Jenkin,1,9,2,,,0,2,5,FALSE,2,6,3,FALSE,
Black,Red,3,6,Conor Paraskevas,0,10,3,,,3,3,0,FALSE,2,6,0,FALSE,
Black,Pink,3,7,Lachlan Jenkin,1,4,1,,,3,7,6,TRUE,6,1,6,TRUE,
Black,Pink,3,7,Jim Papa,0,12,2,,,1,2,1,TRUE,6,1,3,FALSE,
Pink,Black,3,7,Will Burgess,0,17,4,,,0,5,1,FALSE,1,6,0,FALSE,
Pink,Black,3,7,Jamie Harris,0,9,3,,,0,3,2,FALSE,1,6,3,FALSE,
Red,Navy,3,7,Jonathan Kierce (Fill-in),2,3,1,,,0,0,4,FALSE,3,6,2,FALSE,
Red,Navy,3,7,Max Razums,1,8,7,,,1,0,0,FALSE,3,6,0,FALSE,
Navy,Red,3,7,Shayl Inlander,0,12,2,,,0,4,3,TRUE,6,3,4,FALSE,
Navy,Red,3,7,Ethan Seamer,0,5,2,,,2,5,5,TRUE,6,3,6,TRUE,
Orange,Light Blue,3,7,Lewis Mossman,1,6,3,,,1,1,2,TRUE,5,5,2,FALSE,
Orange,Light Blue,3,7,Jimmy Gorton,0,9,6,,,1,5,2,TRUE,5,5,5,TRUE,
Light Blue,Orange,3,7,Quinn Feikema,0,5,2,,,0,5,2,FALSE,5,5,5,TRUE,
Light Blue,Orange,3,7,Ethan Seamer (Fill-in),0,19,2,,,0,2,7,FALSE,5,5,0,FALSE,
Yellow,Green,3,7,Emerson Wise,0,12,0,,,2,4,2,FALSE,4,6,2,FALSE,
Yellow,Green,3,7,Lachy Godden,1,8,0,,,0,3,0,FALSE,4,6,1,FALSE,
Green,Yellow,3,7,Declan Croucher,0,3,2,,,0,2,0,TRUE,6,4,3,FALSE,
Green,Yellow,3,7,Jackson Virgona,0,9,0,,,0,5,0,TRUE,6,4,6,TRUE,
Orange,Yellow,3,8,Jimmy Gorton,0,8,0,,,1,5,2,TRUE,6,0,4,FALSE,
Orange,Yellow,3,8,Lewis Mossman,3,8,1,,,1,3,5,TRUE,6,0,6,TRUE,
Yellow,Orange,3,8,Emerson Wise,2,4,2,,,2,1,3,FALSE,0,6,2,FALSE,
Yellow,Orange,3,8,Lachy Godden,1,7,5,,,2,2,0,FALSE,0,6,0,FALSE,
White,Light Blue,3,8,Jonathan Kierce,0,7,2,,,1,9,10,TRUE,5,5,6,TRUE,
White,Light Blue,3,8,Damon Maurice,0,5,3,,,1,0,1,TRUE,5,5,2,FALSE,
Light Blue,White,3,8,Quinn Feikema,0,6,6,,,0,4,4,FALSE,5,5,4,FALSE,
Light Blue,White,3,8,Will Mumme,0,8,5,,,0,7,1,FALSE,5,5,0,FALSE,
Red,Pink,3,8,Luke Sharrock,0,6,1,,,0,3,7,TRUE,6,4,6,TRUE,
Red,Pink,3,8,Lachlan Jenkin (Fill-in),0,7,2,,,0,2,2,TRUE,6,4,0,FALSE,
Pink,Red,3,8,Will Burgess,0,9,3,,,0,5,3,FALSE,4,6,3,FALSE,
Pink,Red,3,8,Jamie Harris,0,11,6,,,1,1,0,FALSE,4,6,3,FALSE,
Black,Green,3,8,Lachlan Jenkin,0,7,3,,,1,4,3,FALSE,5,5,4,TRUE,
Black,Green,3,8,Jim Papa,1,14,1,,,2,1,5,FALSE,5,5,0,FALSE,
Green,Black,3,8,Jackson Virgona,0,8,6,,,2,7,2,TRUE,5,5,4,TRUE,
Green,Black,3,8,Declan Croucher,1,4,2,,,1,2,2,TRUE,5,5,4,TRUE,
Black,Light Blue,3,9,Lachlan Jenkin,0,9,3,,,3,8,4,TRUE,5,5,5,TRUE,
Black,Light Blue,3,9,Jim Papa,0,17,4,,,3,4,1,TRUE,5,5,1,FALSE,
Light Blue,Black,3,9,Will Mumme,1,21,3,,,1,4,2,FALSE,5,5,2,FALSE,
Light Blue,Black,3,9,Quinn Feikema,1,10,2,,,2,2,5,FALSE,5,5,4,FALSE,
White,Pink,3,9,Jonathan Kierce,1,1,0,,,0,7,4,TRUE,6,1,6,TRUE,
White,Pink,3,9,Damon Maurice,0,4,3,,,0,1,0,TRUE,6,1,4,FALSE,
Pink,White,3,9,Will Burgess,0,3,2,,,2,2,2,FALSE,1,6,2,FALSE,
Pink,White,3,9,Jamie Harris,0,9,2,,,0,1,1,FALSE,1,6,0,FALSE,
Orange,Green,3,9,Jimmy Gorton,1,15,2,,,5,4,4,TRUE,5,5,4,FALSE,
Orange,Green,3,9,Lewis Mossman,2,8,1,,,5,4,4,TRUE,5,5,5,TRUE,
Green,Orange,3,9,Jackson Virgona,0,7,6,,,4,1,3,FALSE,5,5,0,FALSE,
Green,Orange,3,9,Declan Croucher,0,6,2,,,4,2,0,FALSE,5,5,3,FALSE,
Yellow,Navy,3,9,Emerson Wise,4,8,0,,,1,4,3,TRUE,6,3,6,TRUE,
Yellow,Navy,3,9,Lachy Godden,1,8,2,,,3,2,3,TRUE,6,3,3,FALSE,
Navy,Yellow,3,9,Shayl Inlander,0,5,1,,,4,3,0,FALSE,3,6,0,FALSE,
Navy,Yellow,3,9,Jamie Harris (Fill-in),0,6,5,,,0,1,2,FALSE,3,6,3,FALSE,
Orange,Yellow,4,1,Jimmy Gorton,0,5,0,,,1,5,4,TRUE,6,2,6,,Jimmy Gorton
Orange,Yellow,4,1,Ed Simpson,3,8,1,,,1,1,2,TRUE,6,2,4,,Ed Simpson
Yellow,Orange,4,1,Archie Littlejohn,0,8,3,,,0,1,0,FALSE,2,6,1,,Archie Littlejohn
Yellow,Orange,4,1,Will Mumme,0,7,3,,,1,4,1,FALSE,2,6,1,,Will Mumme
Black,White,4,1,Emerson Wise,2,5,3,,,1,4,1,TRUE,6,3,6,,Emerson Wise
Black,White,4,1,Lewis Mossman,0,5,2,,,0,0,2,TRUE,6,3,2,,Lewis Mossman
White,Black,4,1,Jonathan Kierce,0,3,0,,,2,7,6,FALSE,3,6,4,,Jonathan Kierce
White,Black,4,1,Jamie Harris,0,11,4,,,1,0,0,FALSE,3,6,0,,Jamie Harris
Pink,Navy,4,1,Luke Sharrock,1,3,1,,,2,3,2,TRUE,6,0,6,,Luke Sharrock
Pink,Navy,4,1,Angus Hume,0,6,0,,,0,0,2,TRUE,6,0,4,,Angus Hume
Navy,Pink,4,1,Lachlan Jenkin,0,3,1,,,3,2,1,FALSE,0,6,2,,Lachlan Jenkin
Navy,Pink,4,1,Jackson Virgona,0,14,3,,,1,1,0,FALSE,0,6,0,,Jackson Virgona
Green,Red,4,1,Adam Dickson,1,5,2,,,2,5,6,TRUE,6,3,6,,Adam Dickson
Green,Red,4,1,Declan Croucher,0,4,3,,,0,1,2,TRUE,6,3,4,,Declan Croucher
Red,Green,4,1,Quinn Feikema,2,2,6,,,1,3,5,FALSE,3,6,1,,Quinn Feikema
Red,Green,4,1,Will Burgess,0,10,2,,,0,2,0,FALSE,3,6,1,,Will Burgess
White,Navy,4,2,Jonathan Kierce,0,4,1,,,1,6,4,TRUE,6,4,6,,Damon Maurice
White,Navy,4,2,Damon Maurice,0,5,0,,,0,0,0,TRUE,6,4,0,,Shayl Inlander
Navy,White,4,2,Lachlan Jenkin,1,4,2,,,0,3,2,FALSE,4,6,4,,Ed Simpson (Fill-in)
Navy,White,4,2,Jackson Virgona,0,14,2,,,1,1,0,FALSE,4,6,0,,Ethan Seamer
Red,Orange,4,2,Quinn Feikema,1,7,3,,,3,3,5,TRUE,6,3,5,,Lewis Mossman (Fill-in)
Red,Orange,4,2,Will Burgess,0,6,2,,,0,3,0,TRUE,6,3,4,,Lachy Godden
Orange,Red,4,2,Jimmy Gorton,0,7,1,,,2,7,3,FALSE,3,6,3,,Charlie Simpson
Orange,Red,4,2,Ed Simpson,1,13,2,,,0,3,2,FALSE,3,6,0,,Lachy Godden (Fill-in)
Green,Black,4,2,Adam Dickson,0,4,1,,,0,5,4,TRUE,6,2,6,,Will Mumme (Fill-in)
Green,Black,4,2,Declan Croucher,0,4,2,,,0,2,1,TRUE,6,2,3,,Adam Dickson (Fill-in)
Black,Green,4,2,Emerson Wise,0,5,1,,,1,1,3,FALSE,2,6,3,,
Black,Green,4,2,Lewis Mossman,0,5,3,,,1,4,1,FALSE,2,6,0,,
Light Blue,Yellow,4,2,Shayl Inlander,0,4,2,,,3,3,0,TRUE,6,3,4,,
Light Blue,Yellow,4,2,Ed Simpson (Fill-in),1,4,0,,,0,12,3,TRUE,6,3,0,,
Yellow,Light Blue,4,2,Archie Littlejohn,0,6,1,,,0,5,3,FALSE,3,6,2,,
Yellow,Light Blue,4,2,Will Mumme,0,3,1,,,1,3,0,FALSE,3,6,0,,
Red,Navy,4,3,Will Burgess,1,7,4,,,1,6,7,TRUE,6,4,4,,
Red,Navy,4,3,Quinn Feikema,1,8,2,,,2,1,5,TRUE,6,4,3,,
Navy,Red,4,3,Lachlan Jenkin,1,4,7,,,1,6,5,FALSE,4,6,5,,
Navy,Red,4,3,Jackson Virgona,0,14,5,,,0,3,1,FALSE,4,6,0,,
Light Blue,Black,4,3,Shayl Inlander,0,11,2,,,2,3,0,TRUE,5,5,2,,
Light Blue,Black,4,3,Ethan Seamer,0,17,2,,,1,7,5,TRUE,5,5,6,,
Black,Light Blue,4,3,Emerson Wise,1,9,5,,,1,2,1,FALSE,5,5,0,,
Black,Light Blue,4,3,Lewis Mossman,1,12,0,,,3,6,3,FALSE,5,5,4,,
Yellow,White,4,3,Will Mumme,0,13,3,,,2,4,4,TRUE,5,5,2,,
Yellow,White,4,3,Lewis Mossman (Fill-in),0,4,1,,,1,8,1,TRUE,5,5,0,,
White,Yellow,4,3,Jonathan Kierce,0,8,0,,,0,8,3,FALSE,5,5,4,,
White,Yellow,4,3,Lachy Godden,0,9,5,,,1,2,1,FALSE,5,5,0,,
Pink,Orange,4,3,Luke Sharrock,1,11,1,,,2,4,5,TRUE,5,5,5,,
Pink,Orange,4,3,Angus Hume,0,9,3,,,0,3,0,TRUE,5,5,1,,
Orange,Pink,4,3,Jimmy Gorton,0,9,5,,,1,8,4,FALSE,5,5,5,,
Orange,Pink,4,3,Ed Simpson,1,13,1,,,0,4,0,FALSE,5,5,1,,
Pink,White,4,4,Luke Sharrock,0,8,2,,,0,3,6,TRUE,6,4,6,,
Pink,White,4,4,Angus Hume,0,10,5,,,0,5,3,TRUE,6,4,2,,
White,Pink,4,4,Jonathan Kierce,0,4,1,,,0,4,4,FALSE,4,6,4,,
White,Pink,4,4,Lachy Godden,0,9,7,,,1,4,2,FALSE,4,6,0,,
Green,Light Blue,4,4,Adam Dickson,1,3,0,,,1,4,3,TRUE,6,1,6,,
Green,Light Blue,4,4,Declan Croucher,0,2,2,,,1,4,1,TRUE,6,1,4,,
Light Blue,Green,4,4,Shayl Inlander,0,4,0,,,0,2,3,FALSE,1,6,2,,
Light Blue,Green,4,4,Ethan Seamer,0,10,4,,,1,2,0,FALSE,1,6,0,,
Yellow,Red,4,4,Archie Littlejohn,0,3,2,,,0,5,1,FALSE,3,6,3,,
Yellow,Red,4,4,Will Mumme,0,8,4,,,2,5,1,FALSE,3,6,3,,
Red,Yellow,4,4,Quinn Feikema,1,8,2,,,0,7,5,TRUE,6,3,6,,
Red,Yellow,4,4,Will Burgess,0,4,0,,,1,3,1,TRUE,6,3,0,,
Orange,Navy,4,4,Lachlan Jenkin,0,4,2,,,0,6,1,TRUE,6,3,6,,
Orange,Navy,4,4,Jamie Harris,0,8,1,,,0,1,1,TRUE,6,3,0,,
Navy,Orange,4,4,Ed Simpson,0,10,2,,,0,3,1,FALSE,3,6,0,,
Navy,Orange,4,4,Jimmy Gorton,0,9,4,,,3,5,1,FALSE,3,6,4,,
Green,White,4,5,Adam Dickson,2,3,1,,,3,4,4,TRUE,6,1,6,,
Green,White,4,5,Declan Croucher,0,1,1,,,0,1,0,TRUE,6,1,4,,
White,Green,4,5,Jonathan Kierce,0,5,2,,,0,3,2,FALSE,1,6,2,,
White,Green,4,5,Lachy Godden,1,12,2,,,0,0,0,FALSE,1,6,0,,
Pink,Red,4,5,Luke Sharrock,0,5,6,,,0,3,6,TRUE,6,4,6,,
Pink,Red,4,5,Angus Hume,0,7,7,,,0,1,1,TRUE,6,4,0,,
Red,Pink,4,5,Quinn Feikema,0,10,3,,,0,2,5,FALSE,4,6,2,,
Red,Pink,4,5,Will Burgess,1,13,4,,,1,3,8,FALSE,4,6,4,,
Navy,Yellow,4,5,Emerson Wise,0,12,2,,,2,2,5,TRUE,6,4,2,,
Navy,Yellow,4,5,Lewis Mossman,0,11,1,,,1,12,5,TRUE,6,4,5,,
Yellow,Navy,4,5,Archie Littlejohn,0,10,4,,,0,3,0,FALSE,4,6,0,,
Yellow,Navy,4,5,Will Mumme,0,10,5,,,1,9,4,FALSE,4,6,5,,
Orange,Light Blue,4,5,Jimmy Gorton,0,8,0,,,0,4,0,TRUE,6,1,6,,
Orange,Light Blue,4,5,Ed Simpson,1,3,1,,,0,1,2,TRUE,6,1,4,,
Light Blue,Orange,4,5,Shayl Inlander,0,8,2,,,1,3,0,FALSE,1,6,1,,
Light Blue,Orange,4,5,Ethan Seamer,0,8,0,,,0,0,1,FALSE,1,6,1,,
Orange,White,4,6,Jimmy Gorton,0,3,2,,,2,4,5,TRUE,5,5,6,,
Orange,White,4,6,Ed Simpson,0,12,5,,,0,4,1,TRUE,5,5,4,,
White,Orange,4,6,Jonathan Kierce,0,8,3,,,0,3,6,FALSE,5,5,2,,
White,Orange,4,6,Lachy Godden,0,11,2,,,1,2,1,FALSE,5,5,0,,
Pink,Green,4,6,Luke Sharrock,0,8,1,,,0,3,10,TRUE,6,3,6,,
Pink,Green,4,6,Angus Hume,0,7,2,,,0,3,1,TRUE,6,3,4,,
Green,Pink,4,6,Adam Dickson,0,10,6,,,0,3,4,FALSE,3,6,2,,
Green,Pink,4,6,Declan Croucher,0,4,6,,,0,5,0,FALSE,3,6,0,,
Red,Black,4,6,Quinn Feikema,0,1,0,,,1,2,4,TRUE,6,2,6,,
Red,Black,4,6,Will Burgess,0,5,2,,,0,1,5,TRUE,6,2,4,,
Black,Red,4,6,Emerson Wise,0,7,1,,,0,2,2,FALSE,2,6,1,,
Black,Red,4,6,Lewis Mossman,0,5,7,,,0,2,2,FALSE,2,6,1,,
Navy,Light Blue,4,6,Charlie Simpson,0,1,1,,,3,3,2,TRUE,6,2,0,,
Navy,Light Blue,4,6,Jackson Virgona,0,12,2,,,0,5,0,TRUE,6,2,4,,
Light Blue,Navy,4,6,Shayl Inlander,0,6,1,,,0,3,0,FALSE,2,6,2,,
Light Blue,Navy,4,6,Ethan Seamer,0,14,1,,,0,1,3,FALSE,2,6,0,,
Red,Light Blue,4,7,Quinn Feikema,1,6,3,,,1,6,4,TRUE,6,4,6,,
Red,Light Blue,4,7,Will Burgess,1,7,4,,,1,3,3,TRUE,6,4,3,,
Light Blue,Red,4,7,Shayl Inlander,0,5,3,,,0,4,2,FALSE,4,6,3,,
Light Blue,Red,4,7,Ethan Seamer,0,19,4,,,1,5,6,FALSE,4,6,0,,
Orange,Green,4,7,Jimmy Gorton,1,4,4,,,1,6,6,TRUE,6,3,6,,
Orange,Green,4,7,Ed Simpson,1,3,3,,,0,1,2,TRUE,6,3,2,,
Green,Orange,4,7,Adam Dickson,0,4,2,,,3,3,5,FALSE,3,6,4,,
Green,Orange,4,7,Lachy Godden (Fill-in),0,6,5,,,0,1,2,FALSE,3,6,0,,
Navy,Yellow,4,7,Lachlan Jenkin,2,10,0,,,2,6,3,TRUE,6,4,6,,
Navy,Yellow,4,7,Jackson Virgona,0,6,3,,,0,5,1,TRUE,6,4,3,,
Yellow,Navy,4,7,Archie Littlejohn,0,9,2,,,0,2,2,FALSE,4,6,0,,
Yellow,Navy,4,7,Will Mumme,0,13,2,,,0,7,1,FALSE,4,6,3,,
Pink,Black,4,7,Luke Sharrock,2,8,3,,,1,8,6,TRUE,5,5,5,,
Pink,Black,4,7,Angus Hume,0,8,2,,,0,1,2,TRUE,5,5,0,,
Black,Pink,4,7,Emerson Wise,0,12,4,,,1,2,2,FALSE,5,5,2,,
Black,Pink,4,7,Will Mumme (Fill-in),0,5,2,,,3,9,3,FALSE,5,5,0,,
Light Blue,White,4,8,Shayl Inlander,0,16,5,,,2,4,1,TRUE,5,5,2,,
Light Blue,White,4,8,Ethan Seamer,0,13,2,,,0,6,10,TRUE,5,5,6,,
White,Light Blue,4,8,Jonathan Kierce,0,8,2,,,0,8,3,FALSE,5,5,4,,
White,Light Blue,4,8,Lachy Godden,0,20,9,,,1,2,4,FALSE,5,5,0,,
Navy,Green,4,8,Lachlan Jenkin,1,4,5,,,1,3,3,FALSE,6,3,4,,
Navy,Green,4,8,Jackson Virgona,0,11,5,,,1,2,2,FALSE,6,3,0,,
Green,Navy,4,8,Adam Dickson,1,5,0,,,0,3,9,TRUE,3,6,6,,
Green,Navy,4,8,Declan Croucher,0,5,4,,,1,1,0,TRUE,3,6,2,,
Orange,Black,4,8,Jimmy Gorton,0,9,1,,,1,3,3,TRUE,6,2,4,,
Orange,Black,4,8,Ed Simpson,0,4,2,,,1,1,3,TRUE,6,2,6,,
Black,Orange,4,8,Emerson Wise,0,12,2,,,3,3,2,FALSE,2,6,1,,
Black,Orange,4,8,Lewis Mossman,0,7,4,,,2,3,1,FALSE,2,6,1,,
Pink,Yellow,4,8,Adam Dickson (Fill-in),0,9,5,,,2,12,6,TRUE,5,5,0,,
Pink,Yellow,4,8,Angus Hume,0,3,2,,,1,6,0,TRUE,5,5,3,,
Yellow,Pink,4,8,Will Mumme,0,6,3,,,1,5,4,FALSE,5,5,3,,
Yellow,Pink,4,8,Archie Littlejohn,0,9,4,,,0,4,1,FALSE,5,5,0,,
Navy,Black,4,9,Lachlan Jenkin,1,7,5,,,2,2,6,TRUE,6,4,6,,
Navy,Black,4,9,Jackson Virgona,0,6,5,,,1,8,1,TRUE,6,4,4,,
Black,Navy,4,9,Emerson Wise,0,12,4,,,0,3,5,FALSE,4,6,2,,
Black,Navy,4,9,Lewis Mossman,1,9,3,,,2,2,4,FALSE,4,6,0,,
Green,Yellow,4,9,Adam Dickson,0,8,2,,,2,4,6,TRUE,5,5,5,,
Green,Yellow,4,9,Declan Croucher,0,7,1,,,0,6,0,TRUE,5,5,0,,
Yellow,Green,4,9,Archie Littlejohn,0,6,3,,,0,5,3,FALSE,5,5,4,,
Yellow,Green,4,9,Will Mumme,0,14,3,,,2,7,0,FALSE,5,5,3,,
White,Red,4,9,Jonathan Kierce,1,6,6,,,0,6,7,TRUE,6,4,6,,
White,Red,4,9,Lachy Godden,0,6,7,,,0,0,1,TRUE,6,4,2,,
Red,White,4,9,Quinn Feikema,0,3,3,,,1,2,9,FALSE,4,6,4,,
Red,White,4,9,Will Burgess,0,14,4,,,1,1,4,FALSE,4,6,0,,
Pink,Light Blue,4,9,Luke Sharrock,1,0,1,,,1,2,2,TRUE,6,1,6,,
Pink,Light Blue,4,9,Angus Hume,0,2,2,,,0,5,2,TRUE,6,1,2,,
Light Blue,Pink,4,9,Shayl Inlander,0,7,1,,,0,2,1,FALSE,1,6,0,,
Light Blue,Pink,4,9,Ethan Seamer,0,7,3,,,0,5,3,FALSE,1,6,4,,